school,gender,age,address,famsize,parentstatus,motheredu,fatheredu,motherjob,fatherjob,reason,guardian,traveltime,studytime,failures,schoolsupport,famsupport,extraclasses,extracurriculars,attendednursery,wantshigheredu,internetaccess,romanticrel,famrelrating,freetimerating,gooutrating,alcweekday,alcweekend,healthrating,absences,CLASS
GP,F,18,Urban,greater_than_3,Apart,higher,higher,at_home,teacher,course,mother,15_to_30min,2_to_5hr,0,yes,no,no,no,yes,yes,no,no,4,3,4,1,1,3,6,F
GP,F,17,Urban,greater_than_3,Together,primary,primary,at_home,other,course,father,less_than_15min,2_to_5hr,0,no,yes,no,no,no,yes,yes,no,5,3,3,1,1,3,4,F
GP,F,15,Urban,less_than_3,Together,primary,primary,at_home,other,other,mother,less_than_15min,2_to_5hr,3,yes,no,yes,no,yes,yes,yes,no,4,3,2,2,3,3,10,F
GP,F,15,Urban,greater_than_3,Together,higher,intermediate,health,services,home,mother,less_than_15min,5_to_10hr,0,no,yes,yes,yes,yes,yes,yes,yes,3,2,2,1,1,5,2,B
GP,F,16,Urban,greater_than_3,Together,secondary,secondary,other,other,home,father,less_than_15min,2_to_5hr,0,no,yes,yes,no,yes,yes,no,no,4,3,2,1,2,5,4,F
GP,M,16,Urban,less_than_3,Together,higher,secondary,services,other,reputation,mother,less_than_15min,2_to_5hr,0,no,yes,yes,yes,yes,yes,yes,no,5,4,2,1,2,5,10,B
GP,M,16,Urban,less_than_3,Together,intermediate,intermediate,other,other,home,mother,less_than_15min,2_to_5hr,0,no,no,no,no,yes,yes,yes,no,4,4,4,1,1,3,0,C
GP,F,17,Urban,greater_than_3,Apart,higher,higher,other,teacher,home,mother,15_to_30min,2_to_5hr,0,yes,yes,no,no,yes,yes,no,no,4,1,4,1,1,1,6,F
GP,M,15,Urban,less_than_3,Apart,secondary,intermediate,services,other,home,mother,less_than_15min,2_to_5hr,0,no,yes,yes,no,yes,yes,yes,no,4,2,2,1,1,1,0,A
GP,M,15,Urban,greater_than_3,Together,secondary,higher,other,other,home,mother,less_than_15min,2_to_5hr,0,no,yes,yes,yes,yes,yes,yes,no,5,5,1,1,1,5,0,B
GP,F,15,Urban,greater_than_3,Together,higher,higher,teacher,health,reputation,mother,less_than_15min,2_to_5hr,0,no,yes,yes,no,yes,yes,yes,no,3,3,3,1,2,2,0,C
GP,F,15,Urban,greater_than_3,Together,intermediate,primary,services,other,reputation,father,30min_to_1hr,5_to_10hr,0,no,yes,no,yes,yes,yes,yes,no,5,2,2,1,1,4,4,C
GP,M,15,Urban,less_than_3,Together,higher,higher,health,services,course,father,less_than_15min,less_than_2hr,0,no,yes,yes,yes,yes,yes,yes,no,4,3,3,1,3,5,2,B
GP,M,15,Urban,greater_than_3,Together,higher,secondary,teacher,other,course,mother,15_to_30min,2_to_5hr,0,no,yes,yes,no,yes,yes,yes,no,5,4,3,1,2,3,2,C
GP,M,15,Urban,greater_than_3,Apart,intermediate,intermediate,other,other,home,other,less_than_15min,5_to_10hr,0,no,yes,no,no,yes,yes,yes,yes,4,5,2,1,1,3,0,B
GP,F,16,Urban,greater_than_3,Together,higher,higher,health,other,home,mother,less_than_15min,less_than_2hr,0,no,yes,no,no,yes,yes,yes,no,4,4,4,1,2,2,4,B
GP,F,16,Urban,greater_than_3,Together,higher,higher,services,services,reputation,mother,less_than_15min,5_to_10hr,0,no,yes,yes,yes,yes,yes,yes,no,3,2,3,1,2,2,6,B
GP,F,16,Urban,greater_than_3,Together,secondary,secondary,other,other,reputation,mother,30min_to_1hr,2_to_5hr,0,yes,yes,no,yes,yes,yes,no,no,5,3,2,1,1,4,4,F
GP,M,17,Urban,greater_than_3,Together,secondary,intermediate,services,services,course,mother,less_than_15min,less_than_2hr,3,no,yes,no,yes,yes,yes,yes,no,5,5,5,2,4,5,16,F
GP,M,16,Urban,less_than_3,Together,higher,secondary,health,other,home,father,less_than_15min,less_than_2hr,0,no,no,yes,yes,yes,yes,yes,no,3,1,3,1,3,5,4,F
GP,M,15,Urban,greater_than_3,Together,higher,secondary,teacher,other,reputation,mother,less_than_15min,2_to_5hr,0,no,no,no,no,yes,yes,yes,no,4,4,1,1,1,1,0,B
GP,M,15,Urban,greater_than_3,Together,higher,higher,health,health,other,father,less_than_15min,less_than_2hr,0,no,yes,yes,no,yes,yes,yes,no,5,4,2,1,1,5,0,C
GP,M,16,Urban,less_than_3,Together,higher,intermediate,teacher,other,course,mother,less_than_15min,2_to_5hr,0,no,no,no,yes,yes,yes,yes,no,4,5,1,1,3,5,2,B
GP,M,16,Urban,less_than_3,Together,intermediate,intermediate,other,other,reputation,mother,15_to_30min,2_to_5hr,0,no,yes,no,yes,yes,yes,yes,no,5,4,4,2,4,5,0,B
GP,F,15,Rural,greater_than_3,Together,intermediate,higher,services,health,course,mother,less_than_15min,5_to_10hr,0,yes,yes,yes,yes,yes,yes,yes,no,4,3,2,1,1,5,2,C
GP,F,16,Urban,greater_than_3,Together,intermediate,intermediate,services,services,home,mother,less_than_15min,less_than_2hr,2,no,yes,yes,no,no,yes,yes,no,1,2,2,1,3,5,14,F
GP,M,15,Urban,greater_than_3,Together,intermediate,intermediate,other,other,home,mother,less_than_15min,less_than_2hr,0,no,yes,yes,no,yes,yes,yes,no,4,2,2,1,2,5,2,C
GP,M,15,Urban,greater_than_3,Together,higher,intermediate,health,services,other,mother,less_than_15min,less_than_2hr,0,no,no,yes,no,yes,yes,yes,no,2,2,4,2,4,1,4,B
GP,M,16,Urban,less_than_3,Apart,secondary,higher,services,other,home,mother,less_than_15min,2_to_5hr,0,yes,yes,no,yes,yes,yes,yes,no,5,3,3,1,1,5,4,C
GP,M,16,Urban,greater_than_3,Together,higher,higher,teacher,teacher,home,mother,less_than_15min,2_to_5hr,0,no,yes,yes,yes,yes,yes,yes,yes,4,4,5,5,5,5,16,C
GP,M,15,Urban,greater_than_3,Together,higher,higher,health,services,home,mother,less_than_15min,2_to_5hr,0,no,yes,yes,no,no,yes,yes,no,5,4,2,3,4,5,0,F
GP,M,15,Urban,greater_than_3,Together,higher,higher,services,services,reputation,mother,15_to_30min,2_to_5hr,0,no,yes,no,yes,yes,yes,yes,no,4,3,1,1,1,5,0,A
GP,M,15,Rural,greater_than_3,Together,higher,secondary,teacher,at_home,course,mother,less_than_15min,2_to_5hr,0,no,yes,no,yes,yes,yes,yes,yes,4,5,2,1,1,5,0,A
GP,M,15,Urban,less_than_3,Together,secondary,secondary,other,other,course,mother,less_than_15min,2_to_5hr,0,no,no,no,yes,no,yes,yes,no,5,3,2,1,1,2,0,F
GP,M,16,Urban,greater_than_3,Together,secondary,intermediate,other,other,home,mother,less_than_15min,less_than_2hr,0,no,yes,yes,no,no,yes,yes,no,5,4,3,1,1,5,0,C
GP,F,15,Urban,greater_than_3,Together,intermediate,secondary,other,other,other,father,15_to_30min,less_than_2hr,0,no,yes,no,yes,yes,yes,no,no,3,5,1,1,1,5,0,F
GP,M,15,Urban,less_than_3,Together,higher,secondary,teacher,services,home,mother,less_than_15min,5_to_10hr,0,no,yes,no,yes,yes,yes,yes,no,5,4,3,1,1,4,2,B
GP,M,16,Rural,greater_than_3,Apart,higher,higher,other,teacher,reputation,mother,15_to_30min,5_to_10hr,0,no,yes,no,yes,yes,yes,yes,yes,2,4,3,1,1,5,7,B
GP,F,15,Rural,greater_than_3,Together,secondary,higher,services,health,course,mother,less_than_15min,5_to_10hr,0,yes,yes,yes,yes,yes,yes,yes,no,4,3,2,1,1,5,2,C
GP,F,15,Rural,greater_than_3,Together,intermediate,intermediate,at_home,other,reputation,mother,less_than_15min,less_than_2hr,0,yes,yes,yes,yes,yes,yes,no,no,4,3,1,1,1,2,8,B
GP,F,16,Urban,less_than_3,Together,intermediate,intermediate,other,other,home,mother,15_to_30min,2_to_5hr,1,no,yes,no,yes,no,yes,yes,yes,3,3,3,1,2,3,25,F
GP,M,15,Urban,less_than_3,Together,higher,higher,teacher,other,home,other,less_than_15min,less_than_2hr,0,no,yes,no,no,no,yes,yes,yes,5,4,3,2,4,5,8,C
GP,M,15,Urban,greater_than_3,Together,higher,higher,services,teacher,course,father,less_than_15min,2_to_5hr,0,no,yes,no,yes,yes,yes,yes,no,4,3,3,1,1,5,2,A
GP,M,15,Urban,greater_than_3,Together,intermediate,intermediate,services,services,course,father,less_than_15min,less_than_2hr,0,yes,yes,no,no,yes,yes,yes,no,5,4,1,1,1,1,0,F
GP,F,16,Urban,less_than_3,Together,intermediate,intermediate,other,at_home,course,father,15_to_30min,2_to_5hr,1,yes,no,no,yes,yes,yes,yes,no,4,3,3,2,2,5,14,C
GP,F,15,Urban,less_than_3,Apart,higher,secondary,other,other,course,mother,less_than_15min,2_to_5hr,0,yes,yes,yes,yes,yes,yes,yes,yes,5,2,2,1,1,5,8,F
GP,F,16,Urban,less_than_3,Apart,secondary,secondary,other,services,home,mother,less_than_15min,2_to_5hr,0,no,yes,no,no,yes,yes,yes,no,2,3,5,1,4,3,12,C
GP,M,16,Urban,greater_than_3,Together,higher,secondary,health,services,reputation,mother,less_than_15min,greater_than_10,0,no,no,no,yes,yes,yes,yes,no,4,2,2,1,1,2,4,A
GP,M,15,Urban,greater_than_3,Together,higher,intermediate,teacher,other,home,mother,less_than_15min,2_to_5hr,0,no,yes,yes,no,yes,yes,no,no,4,3,3,2,2,5,2,B
GP,F,15,Urban,greater_than_3,Together,higher,higher,services,teacher,other,father,less_than_15min,2_to_5hr,1,yes,yes,no,yes,no,yes,yes,no,4,4,4,1,1,3,2,F
GP,F,16,Urban,less_than_3,Together,intermediate,intermediate,services,services,course,mother,30min_to_1hr,2_to_5hr,0,no,yes,yes,no,yes,yes,yes,no,4,3,3,2,3,4,2,C
GP,F,15,Urban,less_than_3,Together,higher,intermediate,health,other,other,mother,less_than_15min,2_to_5hr,0,no,yes,yes,no,yes,yes,yes,no,4,3,3,1,1,5,2,C
GP,M,15,Urban,less_than_3,Apart,higher,intermediate,health,health,other,father,15_to_30min,less_than_2hr,1,no,no,no,no,yes,yes,no,no,5,5,5,3,4,5,6,C
GP,F,15,Urban,greater_than_3,Together,higher,higher,services,services,course,mother,less_than_15min,less_than_2hr,0,yes,yes,yes,no,yes,yes,yes,no,3,3,4,2,3,5,0,F
GP,F,15,Urban,less_than_3,Apart,secondary,secondary,other,other,other,mother,less_than_15min,less_than_2hr,0,no,no,yes,no,yes,yes,yes,no,5,3,4,4,4,1,6,C
GP,F,16,Urban,greater_than_3,Apart,intermediate,primary,other,other,other,mother,less_than_15min,2_to_5hr,0,no,no,yes,yes,yes,yes,yes,yes,5,3,4,1,1,2,8,F
GP,F,15,Urban,greater_than_3,Apart,higher,secondary,services,services,reputation,mother,less_than_15min,2_to_5hr,0,no,yes,yes,yes,yes,yes,yes,no,4,3,2,1,1,1,0,B
GP,M,15,Urban,greater_than_3,Together,higher,higher,teacher,health,reputation,mother,less_than_15min,2_to_5hr,0,no,yes,no,yes,yes,yes,no,no,3,2,2,1,1,5,4,B
GP,M,15,Urban,less_than_3,Together,primary,intermediate,other,at_home,home,father,less_than_15min,2_to_5hr,0,yes,yes,no,yes,yes,yes,yes,no,4,3,2,1,1,5,2,F
GP,F,16,Urban,greater_than_3,Together,higher,intermediate,services,other,course,mother,less_than_15min,2_to_5hr,0,no,yes,no,no,yes,yes,yes,no,4,2,3,1,1,5,2,B
GP,F,16,Rural,greater_than_3,Together,higher,higher,health,teacher,other,mother,less_than_15min,2_to_5hr,0,no,yes,no,yes,yes,yes,no,no,2,4,4,2,3,4,6,C
GP,F,16,Urban,greater_than_3,Together,primary,primary,services,services,course,father,greater_than_1hr,less_than_2hr,0,yes,yes,no,yes,no,yes,yes,yes,5,5,5,5,5,5,6,C
GP,F,16,Urban,less_than_3,Together,primary,intermediate,other,services,reputation,father,less_than_15min,2_to_5hr,0,yes,no,no,yes,yes,yes,yes,no,4,4,3,1,1,1,4,F
GP,F,16,Urban,greater_than_3,Together,higher,secondary,teacher,health,home,mother,less_than_15min,5_to_10hr,0,yes,yes,yes,yes,yes,yes,yes,no,3,4,4,2,4,4,2,C
GP,F,15,Urban,less_than_3,Together,higher,secondary,services,services,reputation,father,less_than_15min,2_to_5hr,0,yes,no,no,yes,yes,yes,yes,yes,4,4,4,2,4,2,0,C
GP,F,16,Urban,less_than_3,Together,higher,secondary,teacher,services,course,mother,30min_to_1hr,2_to_5hr,0,no,yes,no,yes,yes,yes,yes,no,5,4,3,1,2,1,2,A
GP,M,15,Urban,greater_than_3,Apart,higher,higher,other,services,reputation,mother,less_than_15min,greater_than_10,0,no,yes,no,yes,no,yes,yes,yes,1,3,3,5,5,3,4,B
GP,F,16,Urban,greater_than_3,Together,secondary,primary,services,other,course,mother,less_than_15min,greater_than_10,0,yes,yes,yes,no,yes,yes,yes,no,4,3,3,1,2,5,4,F
GP,F,15,Rural,less_than_3,Together,intermediate,intermediate,health,services,reputation,mother,15_to_30min,2_to_5hr,0,yes,yes,yes,no,yes,yes,yes,no,4,1,3,1,3,4,2,F
GP,F,15,Rural,less_than_3,Together,secondary,primary,other,other,reputation,father,15_to_30min,greater_than_10,0,no,yes,no,no,no,yes,yes,no,4,4,2,2,3,3,12,A
GP,M,16,Urban,greater_than_3,Together,secondary,primary,other,other,reputation,father,15_to_30min,greater_than_10,0,no,yes,yes,no,yes,yes,yes,no,4,3,2,1,1,5,0,B
GP,M,15,Urban,greater_than_3,Together,higher,intermediate,other,other,course,mother,less_than_15min,greater_than_10,0,no,no,no,no,yes,yes,yes,no,3,3,3,1,1,3,0,C
GP,F,15,Rural,greater_than_3,Together,primary,primary,other,other,reputation,mother,less_than_15min,2_to_5hr,2,yes,yes,no,no,no,yes,yes,yes,3,3,4,2,4,5,2,F
GP,M,16,Urban,greater_than_3,Together,secondary,primary,other,other,reputation,mother,less_than_15min,less_than_2hr,0,no,no,no,yes,yes,yes,no,no,5,3,2,2,2,5,2,C
GP,F,16,Urban,greater_than_3,Together,secondary,secondary,other,services,home,mother,less_than_15min,2_to_5hr,0,yes,yes,yes,yes,yes,yes,yes,no,4,3,3,2,4,5,54,C
GP,M,15,Urban,greater_than_3,Together,higher,secondary,teacher,other,home,mother,less_than_15min,2_to_5hr,0,no,yes,yes,yes,yes,yes,yes,no,4,3,3,2,3,5,6,F
GP,M,15,Urban,greater_than_3,Together,higher,none,teacher,other,course,mother,15_to_30min,greater_than_10,0,no,no,no,yes,yes,yes,yes,no,3,4,3,1,1,1,8,C
GP,F,16,Urban,greater_than_3,Together,intermediate,intermediate,other,other,reputation,mother,less_than_15min,greater_than_10,0,no,no,yes,no,yes,yes,yes,yes,5,2,3,1,3,3,0,C
GP,M,17,Urban,greater_than_3,Together,intermediate,primary,other,other,home,mother,15_to_30min,less_than_2hr,3,yes,yes,no,yes,yes,no,yes,no,4,5,1,1,1,3,2,F
GP,F,16,Urban,greater_than_3,Together,secondary,higher,at_home,other,course,mother,less_than_15min,2_to_5hr,0,no,yes,no,no,yes,yes,yes,no,2,4,3,1,2,3,12,F
GP,M,15,Urban,greater_than_3,Together,intermediate,secondary,other,services,course,father,less_than_15min,less_than_2hr,0,yes,yes,yes,yes,no,yes,yes,yes,3,2,2,1,3,3,2,C
GP,M,15,Urban,greater_than_3,Together,intermediate,secondary,other,other,home,mother,less_than_15min,5_to_10hr,0,yes,no,yes,no,no,yes,yes,no,5,3,2,1,2,5,4,C
GP,F,15,Urban,less_than_3,Together,secondary,intermediate,services,other,reputation,mother,less_than_15min,2_to_5hr,0,no,yes,yes,no,yes,yes,yes,no,4,4,4,1,1,5,10,F
GP,M,15,Urban,less_than_3,Together,intermediate,intermediate,services,services,home,mother,15_to_30min,2_to_5hr,0,no,no,yes,yes,yes,yes,yes,no,5,3,3,1,3,4,4,B
GP,F,15,Urban,greater_than_3,Together,primary,primary,other,other,home,father,less_than_15min,2_to_5hr,0,no,yes,no,yes,no,yes,yes,no,4,3,2,2,3,4,2,F
GP,F,15,Urban,greater_than_3,Together,higher,higher,services,services,reputation,father,15_to_30min,2_to_5hr,2,no,no,yes,no,yes,yes,yes,yes,4,4,4,2,3,5,6,F
GP,F,16,Urban,less_than_3,Together,intermediate,intermediate,at_home,other,course,mother,less_than_15min,2_to_5hr,0,no,yes,no,no,yes,yes,no,no,4,3,4,1,2,2,4,F
GP,F,15,Urban,greater_than_3,Together,higher,intermediate,other,other,reputation,mother,less_than_15min,5_to_10hr,0,no,yes,no,yes,yes,yes,yes,no,5,3,3,1,3,1,4,B
GP,M,16,Urban,greater_than_3,Together,intermediate,intermediate,services,other,reputation,father,15_to_30min,2_to_5hr,1,no,no,yes,yes,no,yes,yes,no,4,4,2,1,1,3,12,C
GP,M,16,Urban,less_than_3,Apart,higher,higher,teacher,health,reputation,mother,less_than_15min,2_to_5hr,0,no,yes,no,no,yes,yes,no,no,4,1,3,3,5,5,18,F
GP,F,16,Urban,greater_than_3,Together,secondary,secondary,other,other,home,mother,less_than_15min,5_to_10hr,0,no,yes,yes,no,yes,yes,yes,yes,4,3,3,1,3,4,0,F
GP,F,15,Urban,greater_than_3,Together,higher,secondary,services,other,reputation,mother,less_than_15min,less_than_2hr,0,no,no,yes,yes,yes,yes,yes,no,4,5,5,1,3,1,4,A
GP,F,16,Urban,less_than_3,Together,secondary,primary,other,other,home,father,less_than_15min,2_to_5hr,0,yes,yes,no,no,yes,yes,no,no,3,3,3,2,3,2,4,F
GP,F,16,Urban,greater_than_3,Together,higher,intermediate,teacher,services,home,mother,15_to_30min,2_to_5hr,0,no,yes,yes,yes,yes,yes,yes,no,5,3,3,1,1,1,0,C
GP,M,15,Urban,less_than_3,Together,intermediate,intermediate,services,health,reputation,mother,less_than_15min,greater_than_10,0,no,yes,no,yes,yes,yes,yes,no,4,3,4,1,1,4,6,C
GP,F,15,Rural,greater_than_3,Together,primary,primary,at_home,other,home,mother,15_to_30min,greater_than_10,1,yes,yes,yes,yes,yes,yes,yes,no,3,1,2,1,1,1,2,F
GP,M,16,Rural,greater_than_3,Together,higher,secondary,services,other,reputation,mother,15_to_30min,less_than_2hr,0,yes,yes,no,yes,no,yes,yes,no,3,3,3,1,1,4,2,C
GP,F,16,Urban,greater_than_3,Together,intermediate,primary,other,other,course,mother,less_than_15min,2_to_5hr,0,no,yes,yes,no,yes,yes,no,yes,4,3,5,1,1,5,2,F
GP,F,16,Urban,greater_than_3,Together,higher,higher,other,other,reputation,mother,less_than_15min,less_than_2hr,0,no,no,no,yes,no,yes,yes,no,5,3,4,1,2,1,6,C
GP,F,16,Urban,greater_than_3,Together,higher,secondary,other,at_home,course,mother,less_than_15min,5_to_10hr,0,yes,yes,yes,no,yes,yes,yes,no,5,3,5,1,1,3,0,F
GP,M,16,Urban,greater_than_3,Together,higher,higher,services,services,other,mother,less_than_15min,less_than_2hr,0,yes,yes,yes,yes,yes,yes,yes,no,4,5,5,5,5,4,14,F
GP,M,16,Urban,greater_than_3,Together,higher,higher,services,teacher,other,father,less_than_15min,5_to_10hr,0,no,yes,no,yes,yes,yes,yes,yes,4,4,3,1,1,4,0,A
GP,M,15,Urban,greater_than_3,Together,higher,higher,services,other,course,mother,less_than_15min,less_than_2hr,0,no,yes,no,yes,no,yes,yes,no,5,3,3,1,1,5,4,C
GP,F,15,Urban,greater_than_3,Together,secondary,intermediate,services,other,home,mother,15_to_30min,2_to_5hr,0,yes,yes,yes,no,yes,yes,yes,no,4,3,5,1,1,2,26,F
GP,M,15,Urban,greater_than_3,Apart,secondary,higher,services,other,course,mother,less_than_15min,2_to_5hr,0,no,yes,yes,yes,yes,yes,yes,no,5,4,4,1,1,1,0,A
GP,F,15,Urban,greater_than_3,Apart,secondary,secondary,other,health,reputation,father,less_than_15min,greater_than_10,0,yes,no,no,no,yes,yes,no,no,4,3,3,1,1,4,10,C
GP,F,15,Urban,greater_than_3,Together,intermediate,intermediate,other,other,course,mother,less_than_15min,greater_than_10,0,yes,yes,yes,no,yes,yes,yes,no,5,1,2,1,1,3,8,F
GP,M,16,Urban,greater_than_3,Together,secondary,secondary,services,other,home,father,less_than_15min,5_to_10hr,0,no,yes,no,yes,yes,yes,yes,no,5,3,3,1,1,5,2,A
GP,M,15,Rural,greater_than_3,Together,higher,higher,other,other,home,father,greater_than_1hr,greater_than_10,0,no,yes,yes,yes,yes,yes,yes,yes,1,3,5,3,5,1,6,C
GP,F,16,Urban,less_than_3,Together,higher,higher,health,health,other,mother,less_than_15min,5_to_10hr,0,no,yes,yes,yes,yes,yes,yes,yes,5,4,5,1,1,4,4,B
GP,M,15,Urban,less_than_3,Apart,higher,higher,teacher,teacher,course,mother,less_than_15min,less_than_2hr,0,no,no,no,yes,yes,yes,yes,no,5,5,3,1,1,4,6,A
GP,F,16,Rural,greater_than_3,Together,secondary,secondary,services,other,reputation,father,less_than_15min,5_to_10hr,1,yes,yes,no,yes,yes,yes,yes,no,4,1,2,1,1,2,0,F
GP,F,16,Urban,greater_than_3,Together,intermediate,intermediate,at_home,other,home,mother,less_than_15min,2_to_5hr,1,yes,no,no,yes,yes,yes,yes,no,3,1,2,1,1,5,6,C
GP,M,15,Urban,less_than_3,Together,higher,intermediate,teacher,other,course,mother,less_than_15min,less_than_2hr,0,no,no,no,no,yes,yes,yes,no,3,5,2,1,1,3,10,A
GP,M,15,Rural,greater_than_3,Together,intermediate,primary,health,services,reputation,mother,less_than_15min,2_to_5hr,0,no,no,no,yes,yes,yes,yes,yes,5,4,2,1,1,5,8,F
GP,M,16,Urban,greater_than_3,Together,higher,higher,teacher,teacher,course,father,less_than_15min,2_to_5hr,0,no,yes,no,yes,yes,yes,yes,no,5,4,4,1,2,5,2,B
GP,M,15,Urban,greater_than_3,Together,higher,higher,other,teacher,reputation,father,15_to_30min,2_to_5hr,0,no,yes,no,yes,yes,yes,no,no,4,4,3,1,1,2,2,C
GP,M,16,Urban,greater_than_3,Together,secondary,secondary,other,services,home,father,15_to_30min,less_than_2hr,0,no,no,no,yes,yes,yes,yes,no,5,4,2,1,1,5,0,B
GP,M,17,Rural,greater_than_3,Together,primary,secondary,other,other,course,father,30min_to_1hr,2_to_5hr,1,no,yes,no,yes,yes,yes,yes,no,5,2,4,1,4,5,20,F
GP,M,15,Urban,greater_than_3,Together,secondary,higher,other,other,reputation,father,less_than_15min,less_than_2hr,0,no,no,no,no,yes,yes,yes,no,3,4,3,1,2,4,6,B
GP,F,15,Urban,greater_than_3,Together,primary,intermediate,at_home,services,course,mother,less_than_15min,2_to_5hr,0,no,no,no,no,no,yes,yes,no,3,2,3,1,2,1,2,A
GP,M,15,Urban,greater_than_3,Together,intermediate,intermediate,services,services,home,father,less_than_15min,greater_than_10,0,no,yes,yes,yes,yes,yes,yes,no,5,5,4,1,2,5,6,A
GP,F,16,Urban,less_than_3,Together,intermediate,higher,other,health,course,father,15_to_30min,2_to_5hr,0,no,yes,yes,yes,yes,yes,yes,yes,4,2,2,1,2,5,2,B
GP,M,16,Urban,greater_than_3,Together,higher,higher,health,other,course,mother,less_than_15min,less_than_2hr,0,no,yes,no,yes,yes,yes,yes,no,3,4,4,1,4,5,18,B
GP,F,16,Urban,greater_than_3,Together,intermediate,intermediate,other,other,home,mother,less_than_15min,2_to_5hr,0,no,no,yes,no,yes,yes,yes,yes,5,4,4,1,1,5,0,F
GP,M,15,Urban,greater_than_3,Together,secondary,higher,services,services,home,father,less_than_15min,less_than_2hr,0,yes,no,no,no,yes,yes,yes,no,5,5,5,3,2,5,0,B
GP,F,15,Urban,less_than_3,Apart,secondary,higher,other,other,home,mother,less_than_15min,2_to_5hr,0,yes,no,no,yes,yes,yes,yes,yes,5,3,2,1,1,1,0,F
GP,F,19,Urban,greater_than_3,Together,none,primary,at_home,other,course,other,less_than_15min,2_to_5hr,3,no,yes,no,no,no,no,no,no,3,4,2,1,1,5,2,F
GP,M,18,Rural,greater_than_3,Together,intermediate,intermediate,services,other,reputation,mother,less_than_15min,less_than_2hr,2,no,yes,no,yes,yes,yes,yes,no,3,3,3,1,2,4,0,F
GP,M,16,Rural,greater_than_3,Together,higher,higher,teacher,teacher,course,mother,less_than_15min,less_than_2hr,0,no,no,yes,yes,yes,yes,yes,no,3,5,5,2,5,4,8,A
GP,F,15,Rural,greater_than_3,Together,secondary,higher,services,teacher,course,father,15_to_30min,5_to_10hr,2,no,yes,no,no,yes,yes,yes,yes,4,2,2,2,2,5,0,C
GP,F,15,Urban,greater_than_3,Together,primary,primary,at_home,other,course,mother,30min_to_1hr,less_than_2hr,0,no,yes,no,yes,no,yes,yes,yes,4,3,3,1,2,4,0,F
GP,F,17,Urban,less_than_3,Together,intermediate,intermediate,other,other,course,father,less_than_15min,less_than_2hr,0,no,yes,no,no,yes,yes,yes,yes,3,4,4,1,3,5,12,C
GP,F,16,Urban,greater_than_3,Apart,secondary,higher,services,other,course,father,less_than_15min,less_than_2hr,0,no,no,no,no,yes,yes,yes,no,3,2,1,1,4,5,16,C
GP,M,15,Rural,greater_than_3,Together,secondary,higher,at_home,teacher,course,mother,greater_than_1hr,2_to_5hr,0,no,yes,no,no,yes,yes,no,yes,5,3,3,1,1,5,0,F
GP,F,15,Urban,greater_than_3,Together,higher,higher,services,at_home,course,mother,less_than_15min,5_to_10hr,0,no,yes,no,yes,yes,yes,yes,yes,4,3,3,1,1,5,0,C
GP,M,17,Rural,greater_than_3,Together,secondary,higher,at_home,other,course,mother,30min_to_1hr,2_to_5hr,0,no,no,no,no,yes,yes,no,no,5,4,5,2,4,5,0,C
GP,F,16,Urban,greater_than_3,Apart,secondary,secondary,other,other,course,other,15_to_30min,less_than_2hr,2,no,yes,no,yes,no,yes,yes,yes,4,3,2,1,1,5,0,F
GP,M,16,Urban,less_than_3,Together,primary,primary,services,other,course,mother,less_than_15min,2_to_5hr,1,no,no,no,no,yes,yes,no,yes,4,4,4,1,3,5,0,B
GP,F,15,Urban,greater_than_3,Together,higher,higher,teacher,teacher,course,mother,15_to_30min,less_than_2hr,0,no,no,no,yes,yes,yes,yes,no,4,3,2,1,1,5,0,A
GP,M,15,Urban,greater_than_3,Together,higher,secondary,teacher,services,course,father,15_to_30min,greater_than_10,0,yes,yes,no,no,yes,yes,yes,no,2,2,2,1,1,3,0,F
GP,M,16,Urban,less_than_3,Together,intermediate,intermediate,services,services,reputation,father,15_to_30min,less_than_2hr,2,no,yes,no,yes,yes,yes,yes,no,2,3,3,2,2,2,8,F
GP,F,15,Urban,greater_than_3,Together,higher,higher,teacher,services,course,mother,less_than_15min,5_to_10hr,0,no,yes,yes,yes,yes,yes,yes,no,4,2,2,1,1,5,2,F
GP,F,16,Urban,less_than_3,Together,primary,primary,at_home,at_home,course,mother,less_than_15min,less_than_2hr,0,no,no,no,no,yes,yes,yes,no,3,4,4,3,3,1,2,B
GP,M,17,Urban,greater_than_3,Together,intermediate,primary,other,other,home,mother,less_than_15min,less_than_2hr,3,no,yes,no,no,yes,yes,yes,no,5,4,5,1,2,5,0,F
GP,F,15,Urban,greater_than_3,Together,primary,primary,other,services,course,father,less_than_15min,2_to_5hr,0,no,yes,yes,no,yes,yes,yes,no,4,4,2,1,2,5,0,F
GP,F,15,Urban,greater_than_3,Together,secondary,intermediate,health,services,home,father,less_than_15min,2_to_5hr,3,no,yes,no,no,yes,yes,yes,no,3,3,2,1,1,3,0,F
GP,F,15,Urban,greater_than_3,Together,primary,intermediate,at_home,other,course,mother,less_than_15min,2_to_5hr,0,no,yes,yes,no,no,yes,yes,no,4,3,2,1,1,5,2,C
GP,M,16,Urban,greater_than_3,Together,higher,higher,teacher,teacher,course,mother,less_than_15min,less_than_2hr,0,no,yes,no,no,yes,no,yes,yes,3,3,2,2,1,5,0,F
GP,M,15,Urban,less_than_3,Apart,intermediate,primary,services,other,course,mother,greater_than_1hr,less_than_2hr,3,no,no,no,no,yes,yes,yes,no,4,5,5,2,5,5,0,F
GP,M,18,Urban,less_than_3,Together,primary,primary,other,other,course,mother,less_than_15min,less_than_2hr,3,no,no,no,no,yes,no,yes,yes,2,3,5,2,5,4,0,F
GP,M,16,Urban,less_than_3,Together,intermediate,primary,at_home,other,course,mother,less_than_15min,less_than_2hr,1,no,no,no,yes,yes,yes,no,yes,4,4,4,3,5,5,6,C
GP,F,15,Rural,greater_than_3,Together,secondary,secondary,services,services,reputation,other,15_to_30min,5_to_10hr,2,no,yes,yes,yes,yes,yes,yes,yes,4,2,1,2,3,3,8,C
GP,M,19,Urban,greater_than_3,Together,secondary,intermediate,services,at_home,home,mother,less_than_15min,less_than_2hr,3,no,yes,no,no,yes,no,yes,yes,4,5,4,1,1,4,0,F
GP,F,17,Urban,greater_than_3,Together,higher,higher,other,teacher,course,mother,less_than_15min,less_than_2hr,0,yes,yes,no,no,yes,yes,no,yes,4,2,1,1,1,4,0,C
GP,M,15,Rural,greater_than_3,Together,intermediate,secondary,at_home,services,course,mother,less_than_15min,2_to_5hr,0,yes,no,yes,yes,yes,yes,no,no,4,4,4,1,1,1,2,C
GP,M,17,Rural,less_than_3,Together,primary,intermediate,other,other,reputation,mother,less_than_15min,less_than_2hr,0,no,no,no,no,yes,yes,no,no,2,2,2,3,3,5,8,A
GP,F,18,Rural,greater_than_3,Together,primary,primary,at_home,other,course,mother,30min_to_1hr,less_than_2hr,3,no,yes,no,yes,no,yes,no,no,5,2,5,1,5,4,6,F
GP,M,16,Rural,greater_than_3,Together,intermediate,intermediate,at_home,other,course,mother,30min_to_1hr,less_than_2hr,0,no,no,no,no,no,yes,no,no,4,2,2,1,2,3,2,A
GP,M,16,Urban,greater_than_3,Together,secondary,secondary,other,services,course,father,less_than_15min,2_to_5hr,1,no,yes,yes,no,yes,yes,yes,yes,4,5,5,4,4,5,4,C
GP,M,17,Rural,less_than_3,Together,intermediate,primary,at_home,other,course,mother,15_to_30min,less_than_2hr,2,no,no,no,yes,yes,no,yes,yes,3,3,2,2,2,5,0,F
GP,M,15,Rural,greater_than_3,Together,secondary,intermediate,other,other,course,mother,15_to_30min,2_to_5hr,2,yes,yes,no,no,yes,yes,yes,yes,4,4,4,1,4,3,6,F
GP,M,16,Urban,less_than_3,Together,primary,intermediate,other,other,course,mother,15_to_30min,less_than_2hr,1,no,no,no,yes,yes,yes,no,no,4,4,4,2,4,5,0,F
GP,M,17,Urban,greater_than_3,Together,primary,secondary,at_home,services,course,father,less_than_15min,less_than_2hr,0,no,no,no,no,yes,no,yes,no,5,3,3,1,4,2,2,C
GP,M,17,Rural,less_than_3,Together,primary,primary,other,services,course,mother,greater_than_1hr,2_to_5hr,3,no,no,no,yes,yes,no,no,yes,5,3,5,1,5,5,0,F
GP,M,16,Urban,greater_than_3,Together,secondary,intermediate,services,services,course,mother,15_to_30min,less_than_2hr,1,no,yes,no,yes,no,no,no,no,4,5,2,1,1,2,16,C
GP,M,16,Urban,greater_than_3,Together,intermediate,intermediate,other,other,course,father,less_than_15min,2_to_5hr,0,no,no,no,no,yes,no,yes,no,4,3,5,2,4,4,4,C
GP,F,16,Urban,greater_than_3,Together,higher,intermediate,health,services,home,father,less_than_15min,2_to_5hr,0,no,no,yes,no,yes,yes,yes,yes,4,2,3,1,1,3,0,B
GP,F,16,Urban,greater_than_3,Together,intermediate,intermediate,other,other,home,mother,less_than_15min,2_to_5hr,0,no,yes,yes,no,no,yes,yes,no,5,1,5,1,1,4,0,F
GP,F,16,Urban,greater_than_3,Together,higher,higher,health,health,reputation,mother,less_than_15min,2_to_5hr,0,no,yes,yes,no,yes,yes,yes,yes,4,4,2,1,1,3,0,B
GP,M,16,Urban,greater_than_3,Together,secondary,higher,other,other,course,father,30min_to_1hr,less_than_2hr,2,no,yes,no,yes,no,yes,yes,no,3,4,5,2,4,2,0,F
GP,M,16,Urban,greater_than_3,Together,primary,none,other,other,reputation,mother,15_to_30min,2_to_5hr,0,no,yes,yes,yes,yes,yes,yes,yes,4,3,2,1,1,3,2,B
GP,M,17,Urban,less_than_3,Together,higher,higher,teacher,other,reputation,mother,less_than_15min,2_to_5hr,0,no,yes,yes,yes,yes,yes,yes,no,4,4,4,1,3,5,0,B
GP,F,16,Urban,greater_than_3,Together,primary,secondary,at_home,services,home,mother,less_than_15min,2_to_5hr,3,no,no,no,yes,no,yes,yes,yes,4,3,5,1,1,3,0,F
GP,F,16,Urban,less_than_3,Together,secondary,secondary,other,other,reputation,mother,15_to_30min,2_to_5hr,0,no,yes,yes,yes,yes,yes,yes,no,4,4,5,1,1,4,4,C
GP,M,17,Urban,less_than_3,Together,higher,secondary,teacher,other,course,mother,15_to_30min,2_to_5hr,0,no,no,yes,yes,yes,yes,yes,no,4,4,4,4,4,4,4,C
GP,F,16,Urban,greater_than_3,Together,intermediate,intermediate,services,other,reputation,mother,15_to_30min,2_to_5hr,0,no,no,yes,yes,no,yes,yes,no,3,4,4,1,4,5,2,B
GP,M,17,Urban,greater_than_3,Together,secondary,secondary,other,other,reputation,father,less_than_15min,2_to_5hr,0,no,no,no,yes,no,yes,yes,no,4,3,4,1,4,4,4,F
GP,M,16,Rural,greater_than_3,Together,higher,intermediate,teacher,services,other,mother,less_than_15min,less_than_2hr,0,no,yes,no,yes,yes,yes,yes,yes,4,3,3,3,4,3,10,C
GP,M,17,Urban,greater_than_3,Together,higher,secondary,other,other,course,mother,less_than_15min,2_to_5hr,0,no,yes,no,yes,yes,yes,yes,yes,5,2,3,1,1,2,4,C
GP,M,16,Urban,greater_than_3,Together,higher,secondary,teacher,other,home,mother,less_than_15min,2_to_5hr,0,no,yes,yes,yes,yes,yes,yes,no,3,4,3,2,3,3,10,F
GP,M,16,Urban,greater_than_3,Together,secondary,secondary,services,other,home,mother,less_than_15min,2_to_5hr,0,no,no,yes,yes,yes,yes,yes,yes,4,2,3,1,2,3,2,C
GP,F,17,Urban,greater_than_3,Together,intermediate,higher,services,services,reputation,father,less_than_15min,2_to_5hr,0,no,yes,no,yes,yes,yes,no,no,5,4,2,2,3,5,0,A
GP,F,17,Urban,less_than_3,Together,secondary,secondary,other,other,reputation,mother,less_than_15min,2_to_5hr,0,no,yes,no,yes,yes,yes,yes,yes,5,3,3,2,3,1,56,F
GP,F,16,Urban,greater_than_3,Together,secondary,intermediate,other,other,reputation,mother,less_than_15min,2_to_5hr,0,no,yes,yes,no,yes,yes,yes,no,1,2,2,1,2,1,14,C
GP,M,17,Urban,greater_than_3,Together,secondary,secondary,services,services,other,mother,less_than_15min,2_to_5hr,0,no,yes,no,yes,yes,yes,yes,yes,4,3,4,2,3,4,12,C
GP,M,16,Urban,greater_than_3,Together,primary,intermediate,services,services,other,mother,less_than_15min,less_than_2hr,0,no,yes,yes,yes,yes,yes,yes,yes,3,3,3,1,2,3,2,C
GP,M,16,Urban,less_than_3,Together,intermediate,primary,other,other,course,mother,less_than_15min,2_to_5hr,0,no,no,yes,yes,yes,yes,yes,yes,4,2,3,1,2,5,0,B
GP,F,17,Urban,greater_than_3,Apart,secondary,secondary,health,other,reputation,mother,less_than_15min,2_to_5hr,0,no,yes,no,no,no,yes,yes,yes,3,3,3,1,3,3,6,F
GP,M,17,Rural,greater_than_3,Together,primary,intermediate,at_home,other,home,mother,less_than_15min,2_to_5hr,0,no,no,no,no,yes,yes,no,no,3,1,3,1,5,3,4,F
GP,F,16,Urban,greater_than_3,Together,intermediate,secondary,services,services,course,mother,less_than_15min,2_to_5hr,0,no,no,no,no,yes,yes,yes,no,4,3,3,1,1,2,10,C
GP,F,17,Urban,greater_than_3,Together,primary,primary,at_home,services,course,mother,less_than_15min,2_to_5hr,0,no,no,no,yes,yes,yes,yes,no,5,3,3,1,1,3,0,F
GP,M,17,Urban,greater_than_3,Together,primary,intermediate,at_home,services,other,other,15_to_30min,2_to_5hr,0,no,no,yes,yes,no,yes,yes,no,4,4,4,4,5,5,12,F
GP,M,16,Rural,greater_than_3,Together,secondary,secondary,services,services,reputation,mother,less_than_15min,less_than_2hr,0,no,yes,no,yes,yes,yes,yes,no,4,3,2,3,4,5,8,F
GP,M,16,Urban,greater_than_3,Together,intermediate,secondary,other,other,home,father,15_to_30min,less_than_2hr,0,no,no,no,no,yes,yes,yes,no,5,3,3,1,1,3,0,B
GP,F,17,Urban,less_than_3,Together,intermediate,higher,services,services,course,father,less_than_15min,2_to_5hr,0,no,no,no,yes,yes,yes,yes,yes,4,3,2,1,1,5,0,B
GP,M,17,Urban,greater_than_3,Together,higher,higher,services,teacher,home,mother,less_than_15min,less_than_2hr,0,no,no,no,no,yes,yes,yes,no,5,2,3,1,2,5,4,A
GP,M,16,Rural,less_than_3,Together,secondary,secondary,teacher,other,home,father,30min_to_1hr,less_than_2hr,0,no,yes,yes,yes,yes,yes,yes,no,3,3,4,3,5,3,8,F
GP,F,17,Urban,greater_than_3,Together,higher,higher,services,teacher,home,mother,15_to_30min,less_than_2hr,1,no,yes,no,no,yes,yes,yes,no,4,2,4,2,3,2,24,A
GP,F,16,Urban,less_than_3,Together,higher,higher,teacher,teacher,reputation,mother,less_than_15min,2_to_5hr,0,no,yes,yes,no,yes,yes,yes,no,4,5,2,1,2,3,0,F
GP,F,16,Urban,greater_than_3,Together,higher,secondary,health,other,home,mother,less_than_15min,2_to_5hr,0,no,yes,no,yes,yes,yes,yes,no,4,3,5,1,5,2,2,A
GP,F,16,Urban,greater_than_3,Together,intermediate,secondary,other,other,reputation,mother,less_than_15min,2_to_5hr,0,yes,yes,yes,yes,yes,yes,no,no,4,4,3,1,3,4,6,F
GP,F,17,Urban,greater_than_3,Together,primary,primary,other,other,course,mother,less_than_15min,2_to_5hr,0,no,yes,yes,no,no,yes,no,no,4,4,4,1,3,1,4,F
GP,F,17,Rural,greater_than_3,Together,intermediate,intermediate,other,other,reputation,mother,less_than_15min,less_than_2hr,0,no,yes,no,no,yes,yes,yes,no,5,3,2,1,2,3,18,F
GP,F,16,Rural,greater_than_3,Together,intermediate,intermediate,services,services,reputation,mother,15_to_30min,greater_than_10,0,no,yes,yes,yes,no,yes,yes,no,5,3,5,1,1,5,6,C
GP,F,17,Urban,greater_than_3,Together,secondary,higher,at_home,services,home,mother,less_than_15min,5_to_10hr,1,no,yes,yes,no,yes,yes,yes,yes,4,4,3,3,4,5,28,C
GP,F,16,Urban,greater_than_3,Apart,secondary,primary,services,other,course,mother,less_than_15min,2_to_5hr,3,no,yes,yes,no,yes,yes,yes,no,2,3,3,2,2,4,5,F
GP,F,16,Urban,greater_than_3,Together,higher,secondary,teacher,other,other,mother,less_than_15min,2_to_5hr,0,no,no,yes,yes,yes,yes,yes,yes,1,3,2,1,1,1,10,C
GP,F,16,Urban,greater_than_3,Together,primary,primary,at_home,other,home,mother,15_to_30min,less_than_2hr,0,no,yes,yes,no,yes,yes,no,no,4,3,2,1,4,5,6,F
GP,F,17,Rural,greater_than_3,Together,higher,secondary,teacher,other,reputation,mother,15_to_30min,5_to_10hr,0,no,yes,yes,yes,yes,yes,yes,yes,4,4,2,1,1,4,6,F
GP,F,19,Urban,greater_than_3,Together,secondary,secondary,other,other,reputation,other,less_than_15min,greater_than_10,0,no,yes,yes,yes,yes,yes,yes,no,4,3,3,1,2,3,10,F
GP,M,17,Urban,less_than_3,Together,higher,higher,services,other,home,mother,less_than_15min,2_to_5hr,0,no,yes,yes,no,yes,yes,yes,yes,5,3,5,4,5,3,13,C
GP,F,16,Urban,greater_than_3,Apart,intermediate,intermediate,other,other,reputation,mother,less_than_15min,2_to_5hr,0,yes,yes,yes,no,yes,yes,yes,no,3,3,4,1,1,4,0,C
GP,M,18,Urban,greater_than_3,Together,intermediate,intermediate,services,other,home,mother,less_than_15min,2_to_5hr,1,no,yes,yes,yes,yes,yes,yes,no,4,4,4,2,4,5,15,F
GP,F,17,Rural,less_than_3,Together,higher,higher,services,other,other,mother,less_than_15min,less_than_2hr,0,no,yes,yes,no,yes,yes,no,no,5,2,1,1,2,3,12,F
GP,F,17,Urban,less_than_3,Together,secondary,intermediate,other,other,reputation,mother,15_to_30min,2_to_5hr,0,no,no,yes,no,yes,yes,yes,no,4,4,4,1,3,1,2,B
GP,F,17,Urban,greater_than_3,Together,higher,secondary,other,other,reputation,mother,less_than_15min,2_to_5hr,2,no,no,yes,no,yes,yes,yes,yes,3,4,5,2,4,1,22,F
GP,M,18,Urban,less_than_3,Together,secondary,secondary,services,health,home,father,less_than_15min,2_to_5hr,1,no,yes,yes,no,yes,yes,yes,no,3,2,4,2,4,4,13,F
GP,F,17,Urban,greater_than_3,Together,intermediate,secondary,at_home,other,home,father,15_to_30min,less_than_2hr,0,no,yes,yes,no,yes,yes,no,no,3,3,3,1,4,3,3,F
GP,F,17,Urban,greater_than_3,Together,intermediate,intermediate,at_home,at_home,course,mother,less_than_15min,5_to_10hr,0,no,yes,yes,yes,yes,yes,yes,no,4,3,3,1,1,4,4,F
GP,F,17,Rural,greater_than_3,Together,intermediate,primary,at_home,services,reputation,mother,15_to_30min,2_to_5hr,0,no,yes,no,yes,yes,yes,yes,no,4,2,5,1,2,5,2,F
GP,F,17,Urban,greater_than_3,Together,primary,primary,at_home,other,reputation,mother,less_than_15min,5_to_10hr,1,no,yes,no,yes,yes,yes,no,yes,4,3,4,1,1,5,0,F
GP,F,16,Urban,greater_than_3,Together,intermediate,secondary,services,teacher,other,mother,less_than_15min,2_to_5hr,0,yes,no,no,no,yes,yes,yes,no,2,3,1,1,1,3,2,A
GP,M,18,Urban,greater_than_3,Together,intermediate,intermediate,other,other,home,mother,15_to_30min,2_to_5hr,0,no,yes,yes,no,yes,yes,yes,no,3,3,3,5,5,4,0,C
GP,F,16,Urban,greater_than_3,Together,higher,higher,teacher,services,home,mother,less_than_15min,5_to_10hr,0,no,yes,no,yes,no,yes,yes,no,5,3,2,1,1,5,0,B
GP,F,18,Rural,greater_than_3,Together,secondary,primary,other,other,reputation,mother,less_than_15min,2_to_5hr,1,no,no,no,yes,yes,yes,yes,yes,5,3,3,1,1,4,16,F
GP,F,17,Urban,greater_than_3,Together,secondary,intermediate,other,other,course,mother,less_than_15min,2_to_5hr,0,no,no,no,yes,no,yes,yes,no,5,3,4,1,3,3,10,A
GP,M,17,Urban,less_than_3,Together,intermediate,secondary,services,services,reputation,father,less_than_15min,2_to_5hr,0,no,yes,yes,no,no,yes,yes,no,5,3,3,1,3,3,2,C
GP,M,18,Urban,less_than_3,Together,intermediate,primary,at_home,other,course,mother,greater_than_1hr,2_to_5hr,0,yes,yes,yes,yes,yes,yes,yes,yes,4,3,2,4,5,3,14,C
GP,F,17,Urban,greater_than_3,Apart,intermediate,primary,other,other,course,mother,15_to_30min,5_to_10hr,0,no,no,no,yes,yes,yes,yes,yes,3,2,3,1,2,3,10,C
GP,F,17,Urban,less_than_3,Together,higher,secondary,health,other,reputation,father,less_than_15min,2_to_5hr,0,no,no,no,yes,yes,yes,yes,yes,3,2,3,1,2,3,14,B
GP,M,17,Rural,greater_than_3,Together,intermediate,intermediate,other,other,course,father,15_to_30min,2_to_5hr,0,no,yes,yes,yes,yes,yes,yes,no,4,5,2,1,1,1,4,C
GP,M,17,Urban,greater_than_3,Together,higher,higher,teacher,teacher,reputation,mother,less_than_15min,2_to_5hr,0,yes,yes,no,yes,yes,yes,yes,yes,4,5,5,1,3,2,14,C
GP,M,16,Urban,greater_than_3,Together,higher,higher,health,other,reputation,father,less_than_15min,2_to_5hr,0,no,yes,yes,yes,yes,yes,yes,no,4,2,4,2,4,1,2,B
GP,M,16,Urban,less_than_3,Together,primary,primary,other,other,home,mother,15_to_30min,2_to_5hr,0,no,yes,yes,no,yes,yes,yes,no,3,4,2,1,1,5,18,F
GP,M,16,Urban,greater_than_3,Together,secondary,intermediate,at_home,other,reputation,mother,15_to_30min,5_to_10hr,0,no,no,no,yes,yes,yes,yes,yes,5,3,3,1,3,2,10,C
GP,M,17,Urban,less_than_3,Together,intermediate,intermediate,other,other,home,father,less_than_15min,2_to_5hr,0,no,no,yes,yes,no,yes,yes,yes,4,4,2,5,5,4,4,B
GP,F,16,Urban,greater_than_3,Together,intermediate,primary,other,other,home,mother,less_than_15min,less_than_2hr,0,no,no,no,no,yes,yes,yes,yes,4,5,2,1,1,5,20,B
GP,F,17,Rural,greater_than_3,Together,intermediate,primary,at_home,services,course,mother,30min_to_1hr,2_to_5hr,0,no,no,no,yes,yes,yes,no,no,2,1,1,1,1,3,2,B
GP,M,18,Urban,greater_than_3,Together,intermediate,intermediate,other,services,reputation,father,less_than_15min,2_to_5hr,1,no,no,no,no,yes,no,yes,no,5,5,4,3,5,2,0,F
GP,M,17,Urban,less_than_3,Together,higher,secondary,health,other,course,mother,15_to_30min,2_to_5hr,0,no,no,no,yes,yes,yes,yes,yes,2,5,5,1,4,5,14,C
GP,M,17,Rural,less_than_3,Apart,higher,higher,teacher,other,course,mother,15_to_30min,2_to_5hr,0,no,yes,yes,no,yes,yes,yes,no,3,3,3,2,3,4,2,C
GP,M,16,Urban,less_than_3,Together,higher,secondary,teacher,other,course,mother,less_than_15min,less_than_2hr,0,no,no,no,yes,no,yes,yes,no,5,4,5,1,1,3,0,F
GP,M,16,Urban,greater_than_3,Together,higher,higher,services,services,course,mother,less_than_15min,less_than_2hr,0,no,no,no,yes,yes,yes,yes,no,5,3,2,1,2,5,0,B
GP,F,18,Urban,greater_than_3,Together,intermediate,primary,other,other,course,other,15_to_30min,5_to_10hr,0,no,yes,yes,no,no,yes,yes,yes,4,4,4,1,1,3,0,F
GP,M,16,Urban,greater_than_3,Together,intermediate,primary,other,other,course,mother,30min_to_1hr,less_than_2hr,0,no,no,no,no,yes,yes,yes,no,4,3,3,1,1,4,6,A
GP,M,17,Urban,greater_than_3,Together,intermediate,secondary,other,other,course,father,15_to_30min,less_than_2hr,0,no,no,no,no,yes,yes,yes,no,5,2,2,1,1,2,4,C
GP,M,22,Urban,greater_than_3,Together,secondary,primary,services,services,other,mother,less_than_15min,less_than_2hr,3,no,no,no,no,no,no,yes,yes,5,4,5,5,5,1,16,F
GP,M,18,Rural,less_than_3,Together,secondary,secondary,other,services,course,mother,less_than_15min,2_to_5hr,1,no,yes,no,no,yes,yes,yes,yes,4,3,3,1,3,5,8,F
GP,M,16,Urban,greater_than_3,Together,none,intermediate,other,other,other,mother,less_than_15min,less_than_2hr,0,no,no,yes,no,no,yes,yes,no,4,3,2,2,4,5,0,B
GP,M,18,Urban,greater_than_3,Together,secondary,intermediate,services,other,course,mother,15_to_30min,less_than_2hr,1,no,no,no,no,yes,no,yes,no,4,4,5,2,4,5,0,F
GP,M,16,Urban,greater_than_3,Together,secondary,secondary,at_home,other,reputation,other,30min_to_1hr,2_to_5hr,0,yes,yes,no,no,no,yes,yes,no,5,3,3,1,3,2,6,F
GP,M,18,Urban,greater_than_3,Together,intermediate,primary,services,services,other,mother,less_than_15min,less_than_2hr,1,no,no,no,no,no,no,yes,no,3,2,5,2,5,5,4,F
GP,M,16,Rural,greater_than_3,Together,intermediate,primary,other,other,course,mother,15_to_30min,less_than_2hr,0,no,no,no,yes,no,yes,no,no,3,3,2,1,3,3,0,F
GP,M,17,Rural,greater_than_3,Together,intermediate,primary,other,other,course,mother,less_than_15min,less_than_2hr,0,no,no,no,no,no,yes,yes,no,4,4,2,2,4,5,0,F
GP,M,17,Urban,less_than_3,Together,primary,primary,health,other,course,mother,15_to_30min,less_than_2hr,1,no,yes,no,yes,yes,yes,yes,no,4,4,4,1,2,5,2,F
GP,F,17,Urban,less_than_3,Together,higher,intermediate,teacher,services,reputation,mother,less_than_15min,greater_than_10,0,no,yes,yes,yes,yes,yes,yes,no,4,2,3,1,1,4,6,B
GP,M,19,Urban,less_than_3,Apart,higher,secondary,services,at_home,reputation,mother,less_than_15min,2_to_5hr,0,no,yes,no,no,yes,yes,yes,no,4,3,1,1,1,1,12,C
GP,M,18,Urban,greater_than_3,Together,intermediate,primary,other,other,home,mother,less_than_15min,2_to_5hr,0,no,no,no,yes,yes,yes,yes,no,5,2,4,1,2,4,8,B
GP,F,17,Urban,less_than_3,Together,intermediate,intermediate,services,services,course,father,less_than_15min,greater_than_10,0,no,no,yes,yes,yes,yes,yes,yes,3,4,1,1,1,2,0,C
GP,F,18,Urban,greater_than_3,Together,higher,secondary,services,other,home,father,less_than_15min,2_to_5hr,0,no,yes,yes,no,yes,yes,yes,yes,3,1,2,1,3,2,21,A
GP,M,18,Urban,greater_than_3,Together,higher,secondary,teacher,other,course,mother,less_than_15min,2_to_5hr,0,no,yes,yes,no,no,yes,yes,no,4,3,2,1,1,3,2,F
GP,M,18,Rural,greater_than_3,Together,secondary,intermediate,other,other,course,mother,less_than_15min,5_to_10hr,0,no,no,no,yes,no,yes,no,no,5,3,2,1,1,3,1,B
GP,F,17,Urban,greater_than_3,Together,secondary,secondary,other,other,home,mother,less_than_15min,5_to_10hr,0,no,no,no,yes,no,yes,no,no,3,2,3,1,1,4,4,C
GP,F,18,Urban,greater_than_3,Together,intermediate,intermediate,at_home,services,home,mother,less_than_15min,5_to_10hr,0,no,yes,yes,yes,yes,yes,yes,yes,4,3,3,1,1,3,0,F
GP,M,18,Rural,less_than_3,Apart,secondary,higher,other,other,reputation,mother,15_to_30min,2_to_5hr,0,no,yes,yes,yes,yes,yes,yes,no,4,2,5,3,4,1,13,A
GP,M,17,Urban,greater_than_3,Together,secondary,primary,services,other,other,mother,less_than_15min,2_to_5hr,0,no,no,yes,yes,yes,yes,yes,yes,5,4,4,3,4,5,2,F
GP,F,18,Rural,greater_than_3,Together,higher,higher,teacher,other,reputation,mother,15_to_30min,2_to_5hr,0,no,no,yes,yes,yes,yes,yes,no,4,3,4,2,2,4,8,C
GP,M,18,Urban,greater_than_3,Together,higher,intermediate,health,other,reputation,father,less_than_15min,2_to_5hr,0,no,yes,yes,yes,yes,yes,yes,yes,5,4,5,1,3,5,10,C
GP,F,18,Rural,greater_than_3,Together,intermediate,primary,other,other,reputation,mother,15_to_30min,2_to_5hr,0,no,yes,no,no,yes,no,yes,yes,4,3,5,1,2,3,0,F
GP,F,19,Urban,greater_than_3,Together,secondary,secondary,other,services,home,other,less_than_15min,2_to_5hr,2,no,yes,yes,yes,yes,yes,yes,no,4,3,5,3,3,5,15,F
GP,F,18,Urban,greater_than_3,Together,intermediate,secondary,other,services,reputation,father,less_than_15min,greater_than_10,0,no,yes,yes,yes,yes,yes,yes,yes,4,5,5,1,3,2,4,B
GP,F,18,Urban,less_than_3,Together,primary,primary,other,other,home,mother,15_to_30min,2_to_5hr,0,no,yes,yes,no,no,yes,no,no,4,4,3,1,1,3,2,C
GP,M,17,Rural,greater_than_3,Together,primary,intermediate,at_home,at_home,home,mother,less_than_15min,2_to_5hr,0,no,yes,yes,yes,no,yes,no,yes,3,5,2,2,2,1,2,B
GP,F,17,Urban,greater_than_3,Together,intermediate,higher,at_home,health,reputation,mother,15_to_30min,2_to_5hr,0,no,yes,yes,no,yes,yes,yes,yes,4,3,3,1,1,1,2,C
GP,F,17,Urban,less_than_3,Together,intermediate,intermediate,services,other,course,mother,15_to_30min,2_to_5hr,0,yes,yes,yes,no,yes,yes,yes,yes,4,4,4,2,3,5,6,C
GP,F,18,Rural,greater_than_3,Apart,secondary,intermediate,other,services,home,mother,15_to_30min,2_to_5hr,0,no,no,no,no,no,no,yes,yes,4,1,1,1,1,5,75,C
GP,M,18,Urban,greater_than_3,Together,higher,higher,teacher,services,home,mother,15_to_30min,less_than_2hr,0,no,no,yes,yes,yes,yes,yes,no,3,2,4,1,4,3,22,F
GP,F,18,Urban,greater_than_3,Together,higher,higher,health,health,reputation,father,less_than_15min,2_to_5hr,1,yes,yes,no,yes,yes,yes,yes,yes,2,4,4,1,1,4,15,F
GP,M,18,Urban,less_than_3,Together,higher,secondary,teacher,services,course,mother,15_to_30min,less_than_2hr,0,no,no,yes,yes,yes,yes,yes,no,4,2,3,1,2,1,8,C
GP,M,17,Urban,less_than_3,Apart,higher,primary,services,other,home,mother,15_to_30min,less_than_2hr,0,no,no,yes,yes,yes,yes,yes,yes,4,5,4,2,4,5,30,F
GP,M,17,Urban,less_than_3,Apart,secondary,intermediate,teacher,services,home,mother,less_than_15min,less_than_2hr,1,no,no,no,no,yes,yes,yes,no,4,4,4,3,4,3,19,C
GP,F,18,Rural,less_than_3,Together,primary,primary,at_home,other,reputation,mother,15_to_30min,greater_than_10,0,no,yes,yes,yes,yes,yes,no,no,5,2,2,1,1,3,1,C
GP,F,18,Urban,greater_than_3,Together,primary,primary,other,other,home,mother,15_to_30min,2_to_5hr,0,yes,no,no,yes,yes,yes,yes,no,5,4,4,1,1,4,4,F
GP,F,17,Urban,greater_than_3,Together,intermediate,intermediate,other,other,course,mother,less_than_15min,2_to_5hr,0,no,yes,no,no,no,yes,yes,no,5,4,5,1,2,5,4,C
GP,M,17,Urban,greater_than_3,Together,primary,primary,other,other,reputation,father,less_than_15min,2_to_5hr,0,no,no,yes,no,no,yes,yes,no,4,3,3,1,2,4,2,C
GP,F,18,Urban,greater_than_3,Together,intermediate,intermediate,at_home,at_home,other,mother,less_than_15min,5_to_10hr,0,no,yes,yes,no,yes,yes,yes,no,4,3,3,1,2,2,5,A
GP,F,17,Urban,greater_than_3,Together,primary,primary,services,teacher,reputation,mother,less_than_15min,5_to_10hr,0,no,yes,yes,no,yes,yes,yes,no,4,3,3,1,1,3,6,B
GP,M,18,Urban,greater_than_3,Together,intermediate,primary,services,services,reputation,mother,less_than_15min,5_to_10hr,0,no,no,yes,yes,yes,yes,yes,no,4,2,4,1,3,2,6,B
GP,M,18,Urban,less_than_3,Apart,higher,higher,teacher,teacher,reputation,mother,less_than_15min,2_to_5hr,0,no,yes,yes,yes,yes,yes,yes,no,5,4,3,1,1,2,9,B
GP,M,18,Urban,greater_than_3,Together,higher,intermediate,teacher,other,home,mother,less_than_15min,2_to_5hr,0,no,yes,yes,yes,yes,yes,yes,yes,4,3,2,1,4,5,11,C
GP,F,17,Urban,greater_than_3,Together,higher,secondary,health,services,reputation,mother,less_than_15min,5_to_10hr,0,no,yes,yes,no,yes,yes,yes,no,4,2,2,1,2,3,0,B
GP,F,18,Urban,less_than_3,Together,intermediate,primary,services,at_home,reputation,mother,less_than_15min,2_to_5hr,1,no,no,no,no,yes,yes,yes,yes,5,4,3,1,1,5,12,C
GP,F,17,Rural,less_than_3,Together,secondary,primary,services,other,reputation,mother,15_to_30min,greater_than_10,0,no,yes,yes,no,yes,yes,no,no,3,1,2,1,1,3,6,A
GP,M,18,Rural,less_than_3,Together,secondary,intermediate,services,other,reputation,mother,15_to_30min,5_to_10hr,0,no,yes,yes,yes,yes,yes,yes,no,5,4,2,1,1,4,8,B
GP,M,17,Urban,greater_than_3,Together,secondary,secondary,health,other,home,mother,less_than_15min,less_than_2hr,0,no,yes,yes,no,yes,yes,yes,no,4,4,3,1,3,5,4,B
GP,F,19,Urban,greater_than_3,Together,higher,higher,health,other,reputation,other,15_to_30min,2_to_5hr,0,no,yes,yes,yes,yes,yes,yes,no,2,3,4,2,3,2,0,C
GP,F,18,Urban,less_than_3,Together,higher,secondary,other,other,home,other,15_to_30min,2_to_5hr,0,no,yes,yes,no,yes,yes,yes,yes,4,4,5,1,2,2,10,C
GP,F,18,Urban,greater_than_3,Together,higher,secondary,other,other,reputation,father,less_than_15min,greater_than_10,0,no,yes,yes,no,yes,yes,yes,no,4,3,3,1,1,3,0,B
GP,M,18,Urban,less_than_3,Together,higher,higher,teacher,teacher,home,mother,less_than_15min,less_than_2hr,0,no,yes,yes,no,yes,yes,yes,yes,1,4,2,2,2,1,5,A
GP,F,18,Urban,less_than_3,Apart,higher,higher,health,other,home,mother,less_than_15min,2_to_5hr,0,no,yes,no,no,yes,yes,yes,yes,4,2,4,1,1,4,14,C
GP,M,17,Urban,less_than_3,Together,higher,higher,other,teacher,home,father,15_to_30min,less_than_2hr,0,no,no,yes,no,yes,yes,yes,no,4,1,1,2,2,5,0,C
GP,F,17,Urban,greater_than_3,Together,higher,intermediate,other,other,reputation,mother,15_to_30min,5_to_10hr,0,no,yes,yes,no,yes,yes,yes,no,4,3,3,1,1,3,0,B
GP,F,17,Urban,greater_than_3,Together,secondary,intermediate,health,health,reputation,father,less_than_15min,greater_than_10,0,no,yes,yes,yes,no,yes,yes,no,5,2,2,1,2,5,0,A
GP,M,19,Urban,greater_than_3,Together,secondary,secondary,other,other,home,other,less_than_15min,2_to_5hr,1,no,yes,no,yes,yes,yes,yes,yes,4,4,4,1,1,3,20,B
GP,F,18,Urban,greater_than_3,Together,intermediate,higher,services,at_home,reputation,other,less_than_15min,2_to_5hr,1,no,yes,yes,yes,yes,yes,yes,no,4,4,3,1,1,3,8,B
GP,M,20,Urban,greater_than_3,Apart,secondary,intermediate,services,other,course,other,less_than_15min,less_than_2hr,0,no,no,no,yes,yes,yes,no,no,5,5,3,1,1,5,0,A
GP,M,19,Urban,greater_than_3,Together,higher,higher,teacher,services,reputation,other,15_to_30min,less_than_2hr,1,no,yes,yes,no,yes,yes,yes,yes,4,3,4,1,1,4,38,F
GP,M,19,Rural,greater_than_3,Together,secondary,secondary,other,services,reputation,father,less_than_15min,2_to_5hr,1,no,no,no,yes,yes,yes,no,yes,4,5,3,1,2,5,0,B
GP,F,19,Urban,less_than_3,Together,primary,primary,at_home,other,reputation,other,less_than_15min,2_to_5hr,1,yes,yes,no,yes,no,yes,yes,no,4,4,3,1,3,3,18,C
GP,F,19,Urban,less_than_3,Together,primary,intermediate,services,services,home,other,less_than_15min,2_to_5hr,1,no,no,no,yes,no,yes,no,yes,4,2,4,2,2,3,0,F
GP,F,19,Urban,greater_than_3,Together,intermediate,primary,at_home,other,other,other,30min_to_1hr,2_to_5hr,0,no,yes,no,no,yes,no,yes,yes,3,4,1,1,1,2,20,B
GP,M,19,Urban,greater_than_3,Together,primary,intermediate,other,services,course,other,less_than_15min,2_to_5hr,1,no,no,no,no,no,yes,yes,no,4,5,2,2,2,4,3,B
GP,F,19,Urban,less_than_3,Together,secondary,intermediate,services,other,reputation,other,15_to_30min,2_to_5hr,1,no,yes,yes,no,no,yes,yes,yes,4,2,2,1,2,1,22,B
GP,F,19,Urban,greater_than_3,Together,primary,primary,at_home,health,home,other,less_than_15min,5_to_10hr,2,no,no,no,no,no,yes,yes,yes,4,1,2,1,1,3,14,B
GP,F,19,Rural,greater_than_3,Together,intermediate,secondary,other,other,reputation,other,less_than_15min,5_to_10hr,1,no,no,no,no,yes,yes,yes,yes,4,1,2,1,1,3,40,B
GP,F,18,Urban,greater_than_3,Together,intermediate,primary,services,other,course,mother,15_to_30min,2_to_5hr,0,no,yes,yes,yes,yes,yes,yes,no,5,3,3,1,2,1,0,F
GP,F,18,Urban,greater_than_3,Together,higher,secondary,other,other,course,mother,less_than_15min,5_to_10hr,0,no,yes,yes,yes,yes,yes,yes,yes,4,3,4,1,1,5,9,F
GP,F,17,Rural,greater_than_3,Together,secondary,higher,at_home,services,course,father,less_than_15min,5_to_10hr,0,no,yes,yes,yes,no,yes,yes,no,4,3,4,2,5,5,0,C
GP,F,18,Urban,greater_than_3,Together,higher,higher,teacher,other,course,mother,less_than_15min,2_to_5hr,0,no,yes,yes,no,yes,yes,yes,no,4,4,4,3,3,5,2,C
GP,F,17,Urban,greater_than_3,Apart,higher,secondary,services,services,course,mother,less_than_15min,2_to_5hr,0,no,yes,yes,no,yes,yes,yes,yes,5,2,2,1,2,5,23,B
GP,F,17,Urban,greater_than_3,Together,intermediate,intermediate,other,other,course,mother,less_than_15min,2_to_5hr,0,no,yes,no,no,yes,yes,no,yes,4,2,2,1,1,3,12,C
GP,F,17,Rural,less_than_3,Together,intermediate,intermediate,services,services,course,mother,less_than_15min,5_to_10hr,0,no,yes,yes,yes,yes,yes,yes,no,3,3,2,2,2,3,3,C
GP,F,17,Urban,greater_than_3,Together,secondary,primary,services,services,course,father,less_than_15min,5_to_10hr,0,no,yes,no,no,no,yes,yes,no,3,4,3,2,3,5,1,C
GP,F,17,Urban,less_than_3,Together,none,intermediate,at_home,at_home,home,father,15_to_30min,5_to_10hr,0,no,no,no,no,yes,yes,yes,no,3,3,3,2,3,2,0,A
GP,M,18,Urban,greater_than_3,Together,higher,higher,other,other,course,mother,less_than_15min,5_to_10hr,0,no,no,no,yes,yes,yes,yes,no,4,3,3,2,2,3,3,F
GP,M,17,Urban,greater_than_3,Together,secondary,secondary,other,services,reputation,mother,less_than_15min,less_than_2hr,0,no,no,no,yes,no,yes,yes,no,4,3,5,3,5,5,3,B
GP,M,17,Rural,greater_than_3,Together,intermediate,intermediate,services,other,course,mother,greater_than_1hr,less_than_2hr,0,no,yes,no,no,yes,yes,yes,no,4,4,5,5,5,4,8,C
GP,F,17,Urban,greater_than_3,Together,higher,higher,teacher,services,course,mother,less_than_15min,5_to_10hr,0,no,yes,yes,yes,yes,yes,yes,no,5,4,4,1,3,4,7,C
GP,F,17,Urban,greater_than_3,Together,higher,higher,teacher,teacher,course,mother,15_to_30min,5_to_10hr,0,no,yes,yes,no,no,yes,yes,yes,4,3,3,1,2,4,4,B
GP,M,18,Urban,less_than_3,Together,intermediate,intermediate,other,other,course,mother,less_than_15min,greater_than_10,0,no,yes,no,yes,yes,yes,yes,no,4,5,5,2,4,5,2,F
GP,F,17,Rural,greater_than_3,Together,intermediate,higher,at_home,other,course,father,less_than_15min,5_to_10hr,0,no,yes,no,no,yes,yes,yes,yes,4,4,3,1,1,5,7,C
GP,F,18,Urban,greater_than_3,Together,secondary,secondary,services,services,home,mother,less_than_15min,2_to_5hr,0,no,no,no,yes,yes,yes,yes,no,5,3,4,1,1,4,0,F
GP,F,18,Urban,less_than_3,Together,intermediate,intermediate,other,other,home,other,less_than_15min,2_to_5hr,0,no,no,no,yes,no,yes,yes,yes,4,3,3,1,1,2,0,F
GP,F,18,Rural,greater_than_3,Together,intermediate,intermediate,at_home,other,course,mother,15_to_30min,greater_than_10,0,no,no,no,yes,yes,yes,no,no,4,4,4,1,1,4,0,C
GP,F,17,Urban,greater_than_3,Together,secondary,higher,services,other,course,mother,less_than_15min,5_to_10hr,0,no,no,no,no,yes,yes,yes,no,4,4,5,1,3,5,16,A
GP,F,19,Rural,greater_than_3,Apart,secondary,primary,services,at_home,home,other,less_than_15min,5_to_10hr,1,no,no,yes,no,yes,yes,no,no,5,4,3,1,2,5,12,B
GP,F,17,Urban,greater_than_3,Together,secondary,intermediate,other,other,home,mother,less_than_15min,2_to_5hr,0,no,yes,yes,no,yes,yes,yes,yes,4,3,2,2,3,2,0,F
GP,F,18,Urban,less_than_3,Together,secondary,secondary,services,services,home,mother,less_than_15min,greater_than_10,0,no,yes,no,no,yes,yes,yes,no,5,3,3,1,1,1,7,A
GP,F,17,Rural,greater_than_3,Apart,secondary,intermediate,other,other,home,mother,less_than_15min,2_to_5hr,0,no,yes,yes,no,yes,yes,yes,no,4,3,3,2,3,2,4,F
GP,F,19,Urban,greater_than_3,Together,intermediate,primary,services,services,home,other,less_than_15min,5_to_10hr,1,no,no,yes,yes,yes,yes,yes,yes,4,3,4,1,3,3,4,C
GP,M,18,Urban,greater_than_3,Together,higher,higher,teacher,services,home,father,less_than_15min,2_to_5hr,1,no,yes,no,yes,yes,yes,yes,no,4,3,3,2,2,2,0,C
GP,M,18,Urban,less_than_3,Together,secondary,higher,services,other,home,mother,less_than_15min,2_to_5hr,0,no,no,no,yes,yes,yes,yes,yes,4,3,3,1,3,5,11,A
GP,F,17,Urban,greater_than_3,Apart,intermediate,intermediate,at_home,at_home,home,father,less_than_15min,2_to_5hr,1,no,yes,no,no,yes,yes,yes,yes,3,3,1,1,2,4,0,F
GP,F,18,Urban,greater_than_3,Together,intermediate,secondary,at_home,other,course,mother,less_than_15min,5_to_10hr,0,no,yes,no,no,yes,yes,yes,no,4,3,3,1,2,3,4,C
GP,F,18,Urban,greater_than_3,Together,secondary,intermediate,other,services,other,mother,less_than_15min,5_to_10hr,0,no,no,no,no,yes,yes,yes,yes,5,4,3,2,3,1,7,B
GP,M,18,Rural,greater_than_3,Together,higher,secondary,teacher,services,course,mother,less_than_15min,5_to_10hr,0,no,no,no,no,yes,yes,yes,yes,5,3,2,1,2,4,9,A
GP,M,18,Urban,greater_than_3,Together,higher,secondary,teacher,other,course,mother,less_than_15min,5_to_10hr,0,no,yes,yes,no,yes,yes,yes,yes,5,4,5,2,3,5,0,C
GP,F,17,Urban,greater_than_3,Together,higher,secondary,health,other,reputation,mother,less_than_15min,5_to_10hr,0,no,yes,yes,yes,yes,yes,yes,yes,4,4,3,1,3,4,0,B
MS,M,18,Rural,greater_than_3,Together,secondary,intermediate,other,other,course,mother,15_to_30min,less_than_2hr,1,no,yes,no,no,no,yes,yes,no,2,5,5,5,5,5,10,C
MS,M,19,Rural,greater_than_3,Together,primary,primary,other,services,home,other,30min_to_1hr,2_to_5hr,3,no,no,no,no,yes,yes,yes,no,5,4,4,3,3,2,8,F
MS,M,17,Urban,greater_than_3,Together,secondary,secondary,health,other,course,mother,15_to_30min,2_to_5hr,0,no,yes,yes,no,yes,yes,yes,no,4,5,4,2,3,3,2,B
MS,M,18,Urban,less_than_3,Together,primary,secondary,at_home,services,course,mother,less_than_15min,less_than_2hr,1,no,no,no,no,yes,no,yes,yes,4,3,3,2,3,3,7,F
MS,M,19,Rural,greater_than_3,Together,primary,primary,other,other,home,other,30min_to_1hr,less_than_2hr,1,no,yes,no,no,yes,yes,yes,no,4,4,4,3,3,5,4,F
MS,M,17,Rural,greater_than_3,Together,higher,secondary,services,other,home,mother,15_to_30min,2_to_5hr,0,no,yes,yes,yes,no,yes,yes,yes,4,5,5,1,3,2,4,B
MS,F,18,Urban,greater_than_3,Together,secondary,secondary,services,services,course,father,less_than_15min,2_to_5hr,0,no,yes,no,no,yes,yes,no,yes,5,3,4,1,1,5,0,C
MS,F,17,Rural,greater_than_3,Together,higher,higher,teacher,services,other,father,15_to_30min,2_to_5hr,0,no,yes,yes,yes,yes,yes,yes,no,4,3,3,1,2,5,4,C
MS,F,17,Urban,less_than_3,Apart,secondary,intermediate,services,other,reputation,mother,15_to_30min,2_to_5hr,0,no,no,no,no,yes,yes,no,yes,1,2,3,1,2,5,2,C
MS,M,18,Urban,less_than_3,Together,primary,primary,other,services,home,father,15_to_30min,less_than_2hr,0,no,no,no,no,no,yes,yes,yes,3,3,2,1,2,3,4,C
MS,F,18,Urban,less_than_3,Together,primary,primary,at_home,services,course,father,15_to_30min,5_to_10hr,0,no,no,no,no,yes,yes,yes,no,5,3,2,1,1,4,0,A
MS,F,18,Rural,less_than_3,Apart,primary,higher,at_home,other,course,mother,30min_to_1hr,2_to_5hr,0,no,no,no,no,yes,yes,no,yes,4,3,4,1,4,5,0,B
MS,M,18,Rural,less_than_3,Together,primary,primary,at_home,other,other,mother,15_to_30min,2_to_5hr,1,no,no,no,yes,no,no,no,no,4,4,3,2,3,5,2,B
MS,F,18,Urban,greater_than_3,Together,secondary,secondary,services,services,other,mother,15_to_30min,2_to_5hr,0,no,yes,no,no,yes,yes,yes,yes,4,3,2,1,3,3,0,C
MS,F,17,Urban,less_than_3,Together,higher,higher,at_home,at_home,course,mother,less_than_15min,2_to_5hr,0,no,yes,yes,yes,yes,yes,yes,yes,2,3,4,1,1,1,0,A
MS,F,17,Rural,greater_than_3,Together,primary,intermediate,other,services,course,father,15_to_30min,2_to_5hr,0,no,no,no,no,no,yes,no,no,3,2,2,1,2,3,0,C
MS,M,18,Rural,greater_than_3,Together,primary,secondary,at_home,other,course,mother,15_to_30min,2_to_5hr,0,no,yes,yes,no,yes,yes,no,no,3,3,4,2,4,3,4,C
MS,M,18,Urban,less_than_3,Together,higher,higher,teacher,services,other,mother,15_to_30min,5_to_10hr,0,no,no,yes,no,yes,yes,yes,yes,4,2,2,2,2,5,0,B
MS,F,17,Rural,greater_than_3,Together,primary,primary,other,services,reputation,mother,30min_to_1hr,less_than_2hr,1,no,yes,yes,no,yes,yes,yes,yes,5,2,1,1,2,1,0,F
MS,F,18,Urban,greater_than_3,Together,intermediate,secondary,at_home,services,course,father,15_to_30min,less_than_2hr,0,no,yes,yes,no,yes,yes,yes,yes,5,2,3,1,2,4,0,C
MS,F,18,Rural,greater_than_3,Together,higher,higher,other,teacher,other,father,30min_to_1hr,2_to_5hr,0,no,yes,yes,no,no,yes,yes,yes,3,2,2,4,2,5,10,B
MS,F,19,Urban,less_than_3,Together,secondary,intermediate,services,services,home,other,15_to_30min,2_to_5hr,2,no,no,no,yes,yes,yes,no,yes,3,2,2,1,1,3,4,F
MS,M,18,Rural,less_than_3,Together,primary,intermediate,at_home,services,other,father,30min_to_1hr,less_than_2hr,0,no,yes,yes,yes,yes,no,yes,yes,4,3,3,2,3,3,3,B
MS,F,17,Urban,greater_than_3,Together,intermediate,intermediate,other,at_home,home,mother,less_than_15min,5_to_10hr,0,no,no,no,yes,yes,yes,no,yes,3,4,3,1,1,3,8,B
MS,F,17,Rural,greater_than_3,Together,primary,intermediate,other,other,course,mother,less_than_15min,less_than_2hr,0,no,no,no,yes,yes,yes,yes,no,3,5,5,1,3,1,14,F
MS,F,18,Rural,less_than_3,Together,higher,higher,other,other,reputation,mother,15_to_30min,5_to_10hr,0,no,no,no,no,yes,yes,yes,no,5,4,4,1,1,1,0,A
MS,F,18,Rural,greater_than_3,Together,primary,primary,other,other,home,mother,greater_than_1hr,5_to_10hr,0,no,no,no,no,yes,yes,yes,no,4,3,2,1,2,4,2,F
MS,F,20,Urban,greater_than_3,Together,higher,intermediate,health,other,course,other,15_to_30min,5_to_10hr,2,no,yes,yes,no,no,yes,yes,yes,5,4,3,1,1,3,4,B
MS,F,18,Rural,less_than_3,Together,higher,higher,teacher,services,course,mother,less_than_15min,2_to_5hr,0,no,no,yes,yes,yes,yes,yes,no,5,4,3,3,4,2,4,F
MS,F,18,Urban,greater_than_3,Together,secondary,secondary,other,other,home,mother,less_than_15min,2_to_5hr,0,no,no,yes,no,yes,yes,yes,yes,4,1,3,1,2,1,0,B
MS,F,17,Rural,greater_than_3,Together,secondary,primary,at_home,other,reputation,mother,less_than_15min,2_to_5hr,0,no,yes,yes,yes,no,yes,yes,no,4,5,4,2,3,1,17,C
MS,M,18,Urban,greater_than_3,Together,higher,higher,teacher,teacher,home,father,less_than_15min,2_to_5hr,0,no,no,yes,yes,no,yes,yes,no,3,2,4,1,4,2,4,B
MS,M,18,Rural,greater_than_3,Together,intermediate,primary,other,other,other,mother,15_to_30min,less_than_2hr,0,no,no,no,yes,no,yes,yes,yes,4,4,3,1,3,5,5,F
MS,M,17,Urban,greater_than_3,Together,intermediate,secondary,other,services,home,father,15_to_30min,2_to_5hr,0,no,no,no,yes,yes,yes,yes,no,4,4,3,1,1,3,2,C
MS,M,19,Rural,greater_than_3,Together,primary,primary,other,services,other,mother,15_to_30min,less_than_2hr,1,no,no,no,no,yes,yes,no,no,4,3,2,1,3,5,0,F
MS,M,18,Rural,greater_than_3,Together,higher,intermediate,other,other,home,father,15_to_30min,less_than_2hr,1,no,no,yes,no,yes,yes,no,no,5,4,3,4,3,3,14,F
MS,F,18,Rural,greater_than_3,Together,intermediate,intermediate,at_home,other,other,mother,15_to_30min,5_to_10hr,0,no,no,yes,no,yes,yes,no,no,5,3,3,1,3,4,2,C
MS,F,18,Rural,greater_than_3,Together,higher,higher,teacher,at_home,reputation,mother,30min_to_1hr,less_than_2hr,0,no,yes,yes,yes,yes,yes,yes,yes,4,4,3,2,2,5,7,F
MS,F,19,Rural,greater_than_3,Together,intermediate,secondary,services,other,course,mother,less_than_15min,5_to_10hr,1,no,no,no,yes,no,yes,yes,no,5,4,2,1,2,5,0,F
MS,F,18,Urban,less_than_3,Together,secondary,primary,teacher,services,course,mother,less_than_15min,2_to_5hr,0,no,yes,yes,no,yes,yes,yes,no,4,3,4,1,1,1,0,F
MS,F,18,Urban,greater_than_3,Together,primary,primary,other,other,course,mother,15_to_30min,2_to_5hr,1,no,no,no,yes,yes,yes,no,no,1,1,1,1,1,5,0,F
MS,M,20,Urban,less_than_3,Apart,intermediate,intermediate,services,services,course,other,less_than_15min,2_to_5hr,2,no,yes,yes,no,yes,yes,no,no,5,5,4,4,5,4,11,F
MS,M,17,Urban,less_than_3,Together,secondary,primary,services,services,course,mother,15_to_30min,less_than_2hr,0,no,no,no,no,no,yes,yes,no,2,4,5,3,4,2,3,B
MS,M,21,Rural,greater_than_3,Together,primary,primary,other,other,course,other,less_than_15min,less_than_2hr,3,no,no,no,no,no,yes,no,no,5,5,3,3,3,3,3,C
MS,M,18,Rural,less_than_3,Together,secondary,intermediate,services,other,course,mother,30min_to_1hr,less_than_2hr,0,no,no,no,no,no,yes,yes,no,4,4,1,3,4,5,0,C
MS,M,19,Urban,less_than_3,Together,primary,primary,other,at_home,course,father,less_than_15min,less_than_2hr,0,no,no,no,no,yes,yes,yes,no,3,2,3,3,3,5,5,F
